-- =====================================================================
-- INFORMAÇÔES COMPLEMENTARES DE CARACTERÍSTICAS DE VEÍCULOS
-- =====================================================================
-- Tabelas utilizada a nível de cadastro em diversas partes.
-- =====================================================================

-- ---------------------------------------------------------------------
-- Ícones de Veículos
-- ---------------------------------------------------------------------
CREATE TABLE IF NOT EXISTS erp.symbols (
  symbolID  serial,       -- ID do símbolo
  name      varchar(30)   -- Nome do símbolo
            NOT NULL,
  content   text          -- O conteúdo do símbolo (em SVG)
            NOT NULL,
  PRIMARY KEY (symbolID)
);

INSERT INTO erp.symbols (name, content) VALUES
  ('tracker', '<path d="m29.491007 20.810492c-.08485.08485-.100278.138845-.100278.262264 0 .354828.377969.509101.624805.262264.246837-.246837.09257-.624806-.262263-.624806-.131132 0-.177414.01543-.262264.100278zm-12.596394-2.722919c-1.049055.208268-1.88213 1.05677-2.082685 2.11354-.06942.370255-.06942 1.419312.0077 1.781853.208268 1.002775 1.010488 1.828136 1.997835 2.059545.262263.06171.609378.06171 7.057991.06171 7.667369 0 7.027136.02314 7.651942-.285405.539954-.269978 1.03363-.802219 1.257324-1.349888.169701-.416538.185128-.555383.185128-1.403885 0-.663374-.0077-.840788-.06171-1.033629-.262266-.917925-.964207-1.627581-1.889845-1.912986-.200555-.06171-.578524-.06171-7.042564-.06942-5.51526-.0077-6.896005 0-7.081133.03857zm13.336904 1.959267c.71737.323973.871644 1.295894.308547 1.835849-.215982.200555-.416537.293119-.725085.308546-.347114.01543-.601663-.07714-.833073-.300832-.455106-.439679-.478246-1.11848-.054-1.596726.308545-.347114.856215-.455105 1.303607-.246837zm-11.362208-12.611819c-1.133906.1697002-2.074973.9642064-2.398946 2.0441175-.04628.1619866-.269978 1.6815765-.624805 4.3273575-.300833 2.244673-.547669 4.111376-.547669 4.149945 0 .06171.03085.054.239122-.09256.308547-.208269.671089-.377969 1.025915-.478247l.277693-.08485h7.027135 7.027137l.277691.08485c.354829.100278.732797.277692 1.010488.470533.123419.08485.231409.138846.231409.138846.02314-.02314-1.079909-8.2073244-1.14162-8.4233067-.131132-.5091051-.401108-.9564968-.802218-1.3421793-.393396-.3702552-.763652-.5862375-1.311321-.7405106l-.269979-.0771364h-4.913595c-2.68435-.00771-4.990733.00771-5.106437.023141zm7.451386 1.1879023c.054.030855.54767.5091008 1.103054 1.0567701l1.002773 1.0104886v.154273.154273l-1.002773 1.010488c-.555384.555383-1.05677 1.033629-1.110766 1.064484-.23141.123418-.516815-.06942-.516815-.354828 0-.138846.01543-.161987.686516-.833074l.686513-.686515h-3.586846c-3.278302 0-3.594562 0-3.687127-.06171-.208268-.123419-.239122-.416538-.07714-.586238l.100278-.100277h3.602274 3.602276l-.66337-.6710872c-.647947-.6479467-.663374-.6710877-.663374-.8176469-.007715-.2854051.269978-.4705327.524527-.3394006zm-4.890453 3.0623197c.04628.03086.100278.100277.131132.161986.09256.215983.03857.293119-.647947.979634l-.647947.647947h3.748835c3.432573 0 3.756548 0 3.849111.06171.20827.123418.239124.416537.07714.586237l-.100278.100278h-3.795116c-2.082688 0-3.795117.0077-3.795117.02314 0 .01543.308545.331688.678801.701943.640232.647946.678802.686515.678802.817647 0 .107991-.02314.161986-.12342.25455-.138844.138846-.277691.154273-.439677.06942-.146559-.07714-2.028691-1.982408-2.067258-2.090399-.07714-.208269-.03857-.262264 1.041343-1.342175 1.033627-1.03363 1.041342-1.03363 1.187901-1.03363.06942.0077.177413.03085.223697.06171z" stroke-width=".077136"/>'),
  ('other', '<path d="m23.507424 8.9727236-7.388059 3.4065384 7.964492 3.583599 7.38806-3.40654zm8.391499 4.9734054-7.388059 3.40654v7.550245l7.388059-3.40654zm-16.067201.02241 7.388059 3.406541v7.550245l-7.388059-3.406543z" fill="#483e37" stroke-width=".62166" />'),
  ('motorcycle', '<path d="m26.802078 8.491257c-.012868-.5309581-.047916-1.0616034-.777701-1.5824507-.427316-.2293644-1.406896-.5782626-2.21409.3685594-.476867.7671091-.516647 1.6302195.378895 2.2729069.313441.2377074.474833.3185412.989878.5597954.400144.138272.560665.03399.718236-.07328.205462-.1409759.333417-.3880144.470822-.6221215l-1.011937-.3633716c-.184036-.0805372-.320275-.2264553-.245928-.4570212l.145863-.3746665c.07868-.1615226.25883-.2166535.413364-.15086zm-6.968181 3.646598 2.174522 1.244587 1.882212-1.914419 2.137361 1.235128c-.129077-.546302-.35632-1.126856.103825-1.46757l-2.927858-1.7749393c-.24083-.1587101-.505066-.2210436-.869665.129874zm-.221609.281825 3.968264 2.205717c.464233.228337.654007.614092.336819 1.290617l-1.202948 2.188638c-.441132.973409-1.947293.347665-1.485346-.681742l.93174-1.680669-2.323348-1.35502c-.448363-.24055-.879414-.494798-.659771-1.263857zm-4.419676 2.558351-.0064-.316593c-.01827-.23651.145357-.293961.323969-.336658l3.234996-.776276c.0048.418273.108211.740713.723803 1.105703l2.202706 1.201252-.781767 1.448962c-.534215 1.338282 1.322238 2.282168 2.061838 1.073007l1.384366-2.543325c.156857-.510354.09338-.977433-.338062-1.372242l-.645303-.356515 1.438755-.02498c.415551.04453.380971.569813.385775.851539l1.16032.0094c.619697-.116649.555364-.502985.459715-.901666-.192808-.641091-.402419-1.21715-.574031-1.940278-.06261-.348372-.13694-.643687.483941-.63604 1.89274.191194 3.797199 2.547625 4.191454 3.36055.128712.461409.06326.782165-.392555.820155-2.544674.543884-2.908354 2.009234-3.136743 3.531743-.07443.430138-.05377.906385-1.017981.905117l-6.079405-.06057c.557927-3.289258-2.178712-4.364123-3.314282-4.360075-.820252-.148116-1.78148-.155733-1.765155-.682246zm18.629263 4.242173a2.9125971 2.9125971 0 0 1 -2.912597 2.912597 2.9125971 2.9125971 0 0 1 -2.912597-2.912597 2.9125971 2.9125971 0 0 1 2.912597-2.912597 2.9125971 2.9125971 0 0 1 2.912597 2.912597zm-14.087911 0a2.9125971 2.9125971 0 0 1 -2.912596 2.912597 2.9125971 2.9125971 0 0 1 -2.912598-2.912597 2.9125971 2.9125971 0 0 1 2.912598-2.912597 2.9125971 2.9125971 0 0 1 2.912596 2.912597z" stroke-width=".322566"/>'),
  ('scooter', '<path d="m21.385029 15.730276c1.217207 0 0-3.245881 0-3.245881h-8.698563l6.828226 3.552656s.653131-.306775 1.870337-.306775zm13.735617 4.591733c0 1.415125-1.147932 2.563058-2.563054 2.563058-1.41513 0-2.563063-1.147933-2.563063-2.563058 0-.702615.277089-1.335957.732304-1.801067l-.455215-.623448c-.09896.06928-.197924.158336-.277089.257296-1.543771 1.7219.178127 2.008884-10.845988 2.008884 0 0 .405729-.01979.742193-.168232l-.742193.168232-1.721899-1.227102c.257291.395839.40573.870846.40573 1.375541 0 1.415125-1.147932 2.563058-2.563054 2.563058-1.415131 0-2.563063-1.147933-2.563063-2.563058s1.147932-2.563058 2.563063-2.563058c.207814 0 .40573.02969.593755.07916l-2.315653-1.642732-.950017 1.514084-.821367-.227606 1.009392-4.55215-.03958-.09896s.01975.0099.05941.02969l.0099-.02969.04945.05938c1.048979.613551 9.707956 5.630811 11.271516 5.848522 1.464608.138544 1.326068.07916 1.326068.07916s5.897998-.752095 1.058869-8.550125l-.781813-.2968754h-.93022v-.9698057h1.84065s1.900033 1.6922131 3.869332 3.5229691c.0099.138544 0 .316671-.09896.366151-.178126.08906-.623443-.217711-.851054-.425526l-.07916.08906c.05941.05938.534379.475007.860944.475007.04945 0 .08906-.0099.12865-.02969.108861-.04948.158338-.178127.168236-.356255.217705.197919.425528.395839.643232.603655h-.05941c.0099.148439 0 .326567-.09895.376047-.178135.08906-.623451-.217712-.851054-.425527l-.07916.08906c.05941.05938.534388.475006.860953.475006.04945 0 .08906-.0099.12865-.02969.118751-.05938.178126-.207816.168228-.435424.267189.257295.534379.504695.791679.752094h-.0297c.0099.14844 0 .326568-.09896.376048-.178127.08906-.623443-.217712-.851055-.425527l-.07916.08906c.05941.05938.53438.475007.860945.475007.04945 0 .08907-.0099.12865-.02969.118751-.05937.168236-.197919.168236-.395838.791679.771885 1.504185 1.4745 1.97919 1.998986 1.593257 1.781277-1.425021.771887-3.325046 1.45471l.385941.534382c.37605-.217711.811476-.356255 1.286481-.356255 1.395332 0 2.543265 1.147933 2.543265 2.563058zm-18.762771 0c0-.603654-.494802-1.10835-1.098456-1.10835-.613553 0-1.108346.4948-1.108346 1.10835s.494793 1.10835 1.108346 1.10835c.603654-.0099 1.098456-.504696 1.098456-1.10835zm17.298164 0c0-.603654-.494793-1.10835-1.098447-1.10835-.148447 0-.277089.02969-.405738.07916l.633341.86095-.554177.405735-.603654-.821366c-.108852.168232-.168227.366151-.168227.583862 0 .603655.494793 1.10835 1.098455 1.10835.603654-.0099 1.098447-.504695 1.098447-1.10835z" stroke-width=".09896"/>'),
  ('car', '<path d="m31.066898 20.043541a1.5939706 1.5939706 0 0 1 -1.593969 1.593971 1.5939706 1.5939706 0 0 1 -1.593971-1.593971 1.5939706 1.5939706 0 0 1 1.593971-1.59397 1.5939706 1.5939706 0 0 1 1.593969 1.59397zm-11.117146 0a1.5939706 1.5939706 0 0 1 -1.59397 1.593971 1.5939706 1.5939706 0 0 1 -1.593971-1.593971 1.5939706 1.5939706 0 0 1 1.593971-1.59397 1.5939706 1.5939706 0 0 1 1.59397 1.59397zm1.382279-8.684166c-.469339.000442-1.002224.01014-1.613281.0293-.410728.06652-.941352.176853-1.560547.832031l-1.005859 1.134766c-.240744.249906-.349637.533348-1.201172.621093l-1.103516.148435c-.277765.09498-.531961.231689-.548828.816406v1.052735c.01314.252744-.159114.348435-.316406.457031-.529885.3458-.37985.885833-.341797 1.611328l.05273.755859c.03422.540981.375367.576967.607422.591797l1.859375.138672c1.042726-2.884222 4.267734-1.743213 4.40625.177734l6.695313.0098c.63662-2.750827 4.041349-2.371175 4.439453.002l1.259766-.01953c.560152.01061.808462-.271837.947265-.65625l.183594-.78125c.06548-.356157.09846-.659577-.123047-1.169922-.203576-.43101-.386335-.861957-.613281-1.292969-.192472-.244156-.348202-.49312-1.070313-.662109l-2.251953-.447266c-.878863-.116669-1.174313-.365911-1.824219-.875l-1.611328-1.25c-.513976-.373971-.785404-.767128-2.390625-1.050781-.635264-.100509-1.466979-.175155-2.875-.173828zm-.539062.794922c.187922-.000723.395601.01073.628906.03125.172459 0 .3125.138088.3125.310547v1.636718c0 .172459-.140313.322188-.3125.3125l-3.007813-.169921c-.307356-.01359-.380882-.290663-.210937-.5.954647-1.087232 1.274392-1.616044 2.589844-1.621094zm1.826172.04687c2.781253.09541 2.791245.784033 4.617187 2.068359.288903.251089.03931.479067-.117187.470703l-4.484375-.240229c-.08749-.0047-.260847-.159535-.259766-.302734l.01367-1.765625c.000949-.127563.102902-.230469.230469-.230469z" stroke="#000" stroke-width=".226058"/>'),
  ('van', '<path d="m32.525578 20.681084a1.9449191 1.9449191 0 0 1 -1.944917 1.944919 1.9449191 1.9449191 0 0 1 -1.944919-1.944919 1.9449191 1.9449191 0 0 1 1.944919-1.944919 1.9449191 1.9449191 0 0 1 1.944917 1.944919zm-13.564834 0a1.9449191 1.9449191 0 0 1 -1.94492 1.944919 1.9449191 1.9449191 0 0 1 -1.944919-1.944919 1.9449191 1.9449191 0 0 1 1.944919-1.944919 1.9449191 1.9449191 0 0 1 1.94492 1.944919zm9.611618-9.035159c1.736455-.05048 1.875451.941802 3.909356 2.923523.352513.306372.04846.584252-.142489.574048l-4.735723-.079c-.106755-.0057-.319499-.195032-.31818-.369761l-.02269-2.73801c.0011-.155649.12531-.276373.280897-.280896zm-13.119437-1.430426c-1.746355.225809-2.194699 1.617856-2.252372 2.498205l.02227 5.34261c-.24895.04864-.513497.170983-.555947.396374-.147539.783363-.03331 1.856613.07284 2.139767.0686.182997.329955.242427.539217.352118h1.080262c.307843-4.445236 5.478954-3.440527 5.397461 0h8.137366c.135062-3.902646 5.443284-3.875359 5.433851 0h.704287c.483598-.03024 1.033515-.224093 1.256513-.693143.138019-.515851.144268-1.207031.06633-1.426075-.03369-.09467-.198307-.274245-.300648-.323533-.148836-.03329-.08212-.448084-.113759-.561209-.01411-.900948.0422-1.545018-.276484-2.309098-.278625-.738552-3.289246-4.228778-4.159534-4.999308-.245712-.217547-.818983-.431641-1.312967-.42241z"/>'),
  ('pickup', '<path d="m32.533265 19.769501a1.6806811 1.6806811 0 0 1 -1.68068 1.680681 1.6806811 1.6806811 0 0 1 -1.680681-1.680681 1.6806811 1.6806811 0 0 1 1.680681-1.680681 1.6806811 1.6806811 0 0 1 1.68068 1.680681zm-12.72675 0a1.6806811 1.6806811 0 0 1 -1.68068 1.680681 1.6806811 1.6806811 0 0 1 -1.680682-1.680681 1.6806811 1.6806811 0 0 1 1.680682-1.680681 1.6806811 1.6806811 0 0 1 1.68068 1.680681zm3.892704-9.042939c-.614983-.003-.837661.159956-.994141 1.019532l-.46289 2.550781c.01505.212131-.136808.376342-.388672.349609l-8.720704-.220703c-.348613-.04657-.582408.06779-.564453.539063l-.0332 2.591797c-.344839.234699-.328563.344887-.341797.636718l.01172.285157c.03608.570409.393993.60741.638672.623046l2.966797.144532c1.09945-3.041124 4.500433-1.835994 4.646484.189453l8.0625.01172c.671254-2.900472 4.263834-2.500282 4.683594.002l1.326172-.02148c.590625.01119.853647-.286081 1-.691406l.193359-.824219c.06904-.37553.102693-.696268-.130859-1.234375-.21465-.454457-.407194-.908823-.646485-1.363281-.202942-.25744-.36556-.521038-1.126953-.699219l-2.375-.470703c-.92667-.122989-1.238567-.385093-1.923828-.921875l-1.699219-1.318359c-.541936-.394318-.826987-.808338-2.519531-1.107422-.722602-.0055-1.232573-.06851-1.601562-.07031zm.183593.660157c2.934276 0 2.844261.757135 4.769532 2.111328.304618.264748.105392.809456-.03516.917969-.07946.06759-.172081.164694-.367188.148437l-4.636719-.04101c-.09225-.0049-.274577-.16737-.273437-.31836l.298828-2.574219c.001-.134501.109635-.24414.24414-.24414z" stroke="#000" stroke-width=".238355"/>'),
  ('suv', '<path clip-rule="evenodd" d="m23.029022 10.26775h-5.101883-1.27451c-.07305 0-.09996.06536-.130719.130719l-.511341 1.063052c-.03075.06536.0596.130719.130718.130719h8.673586c.567089.002-.401769-1.32449-1.785851-1.32449zm-4.698192 2.454824h-.676664c-.976547.04422-1.378315.0096-1.766628.305652-.480584.367167-.668972 1.989618-.868896 2.73933-.01345.04998.04422.09612.09612.09612h2.981545c.05191 0 .09035-.04229.09612-.09612l.234525-2.950787c.0038-.04998-.04422-.0942-.09612-.0942zm4.530949.0173h2.210688c1.009226 0 2.670125 1.658977 3.104574 3.000769.02114.06536-.05575.124951-.124952.124951h-4.840445c-.06921 0-.11534-.05575-.124952-.124951l-.351788-2.875815c-.0058-.06921.0596-.124952.126875-.124952zm-.957325-.01154h-2.704728c-.05191 0-.09228.04422-.09612.09612l-.205691 2.94502c-.0038.05191.04422.09612.09612.09612h3.262207c.05191 0 .101883-.04421.09612-.09612l-.351787-2.94502c-.0058-.05382-.04229-.09612-.09612-.09612zm9.315647 5.288354c-1.103422 0-1.999232.895809-1.999232 1.99923 0 1.103422.89581 1.999231 1.999232 1.999231s1.99923-.895809 1.99923-1.999231c0-1.103421-.895808-1.99923-1.99923-1.99923zm3.998461.09035c-.101884-.04613-.21338-.06728-.334487-.06536.0058-.630526-.03653-1.180314-.182622-1.570549-.05382-.224914-.151864-.388313-.282583-.507497-.41138-.367166-4.084967-.690118-4.859669-.79008-.951557-.930411-2.010765-1.782007-3.139176-2.587466-.313342-.265282-.761246-.396001-1.326413-.409458l-8.921568-.0077c-.67474-.0038-1.193771.284506-1.524413.932334l-.743944 2.143406-.169166-.04613v-.834288c.03075-.278739-.07881-.417147-.292196-.451749h-.999614c-.274895.01154-.469051.149942-.499808.547866v2.964244c-.002.305651.109573.505575.392156.547866h.928489c.09227.02114.06343.09228.07112.190311v1.01115c.06728.745867.27105 1.322567.868896 1.397539h1.80892c-.03844-.876586.126874-1.593617.528643-2.12995 1.459054-1.94925 4.625143-.788158 4.411764 2.135716h7.773931c-.06536-.934255.111496-1.643597.497886-2.153017 1.455209-1.920415 4.840445-.884275 4.440599 2.21261h1.201461c.724721 0 .961168-2.258746.351787-2.529796zm-16.728178-.09035c-1.103423 0-1.999231.895809-1.999231 1.99923 0 1.103422.895808 1.999231 1.999231 1.999231 1.103422 0 1.999231-.895809 1.999231-1.999231 0-1.103421-.893888-1.99923-1.999231-1.99923z" fill-rule="evenodd" stroke-width=".192234"/>'),
  ('truck', '<path d="m16.516785 20.754525h-1.29311l-1.414923-.521466v-1.222977h3.535039c-.621093.466986-.837264 1.185745-.827006 1.744443zm12.240331-7.303393 4.161477.281832c.185665.01458.378776-.0076.502437.304849l1.01008 2.632463c.0925.213083.195806.429956.190205.608826l-.01694 2.75145c.03458.752742-.404395.684084-.724341.711746-.105357-2.951854-4.283638-2.870913-4.332142-.0065h-8.691639c-.01208-.819327-.399496-1.29263-.80902-1.745716h8.709884zm1.717484.90195.03474 2.365829 3.156176.343933c.247837.02736.335345-.08719.206272-.393437l-.686561-1.876858c-.07618-.325476-.271701-.259317-.434255-.301374zm-2.594616-2.580352h-14.06197v6.776046h14.06197zm-10.945203 8.943031a1.729257 1.729257 0 0 0 1.729257 1.729257 1.729257 1.729257 0 0 0 1.729257-1.729257 1.729257 1.729257 0 0 0 -1.729257-1.729258 1.729257 1.729257 0 0 0 -1.729257 1.729258zm13.033243 0a1.729257 1.729257 0 0 0 1.729257 1.729257 1.729257 1.729257 0 0 0 1.729257-1.729257 1.729257 1.729257 0 0 0 -1.729257-1.729258 1.729257 1.729257 0 0 0 -1.729257 1.729258z"/>'),
  ('semitrailertruck', '<path d="m22.986527 5.5938676c-.14266.00855-.280398.064708-.391295.1594859-.148561.1270625-.233666.3110852-.233666.506274v.6787414c0 .3090742.211554.5749293.513693.6472144.351029.083897.597143.3938698.597143.7547751.000159.4872794 0 9.3272806 0 9.6933896h-10.029049c-.550548 0-.999567.449018-.999567.999566v.997712c0 .520215.400273.948248.908697.994004h.270754c-.00019-.01237-.0019-.02468-.0019-.03709 0-1.310072 1.061823-2.371889 2.371886-2.371886 1.310067-.000003 2.371885 1.061814 2.371885 2.371886 0 .0124.00019.02473 0 .03709h.526673c-.000188-.01235 0-.02469 0-.03709 0-1.310073 1.06182-2.371889 2.371885-2.371886 1.310068-.000003 2.371885 1.061813 2.371885 2.371886 0 .01304-.0016.02596-.0019.03895h4.723371c-.000209-.01298-.0019-.02591-.0019-.03895 0-1.310074 1.061818-2.371889 2.371885-2.371886 1.310069-.000003 2.371885 1.061812 2.371885 2.371886 0 .01365-.0016.0272-.0019.0408h1.40199c.366976 0 .66576-.296758.66576-.663904v-.66576c0-.263486-.153708-.491177-.37646-.598999v-3.063611c0-.672931-.547319-1.22025-1.22025-1.22025h-1.952594l-.639797-2.846633c-.171959-.764978-.84048-1.29814-1.624527-1.29814h-.352349c-.164159-1.3117106-1.287244-2.3310846-2.642639-2.3310846h-.888298c0-.6635694-.237436-1.3050687-.671324-1.8081221-.429205-.4976773-1.020648-.8288462-1.665327-.9309503-.04802-.0076-.09709-.010264-.14465-.00741zm3.256475 6.4090974h3.187858c.155666 0 .290381.107604.324535.259628l.632378 2.813252c.02219.09864-.0018.203007-.06491.281882-.0631.07906-.15857.124251-.259628.124251h-3.48643-.333806c-.183749 0-.331953-.148032-.331953-.331954v-2.815107c0-.183918.148204-.331952.331953-.331952zm4.48356 7.086879c-1.048054-.000003-1.896484.850379-1.896484 1.898437-.000013 1.048058.84843 1.896487 1.896484 1.896485 1.048065.000002 1.898438-.848427 1.898438-1.896485s-.850384-1.89844-1.898438-1.898437zm0 .925781c.536604-.000002.972657.436051.972657.972656 0 .536606-.436048.970704-.972657.970703-.536604.000001-.970709-.434097-.970703-.970703 0-.536605.434099-.972658.970703-.972656zm-9.46289-.925781c-1.048055-.000003-1.898438.850379-1.898438 1.898437-.000013 1.048058.850383 1.896487 1.898438 1.896485 1.048065.000002 1.896484-.848427 1.896484-1.896485s-.84843-1.89844-1.896484-1.898437zm0 .925781c.536603-.000002.970703.436051.970703.972656 0 .536606-.434095.970704-.970703.970703-.536605.000001-.972662-.434097-.972656-.970703 0-.536605.436051-.972658.972656-.972656zm-5.269531-.925781c-1.048055-.000003-1.898438.850379-1.898438 1.898437-.000012 1.048058.850383 1.896487 1.898438 1.896485 1.048064.000002 1.898437-.848427 1.898437-1.896485s-.850383-1.89844-1.898437-1.898437zm0 .925781c.536603-.000002.970703.436051.970703.972656 0 .536606-.434096.970704-.970703.970703-.536605.000001-.970709-.434097-.970703-.970703 0-.536605.434098-.972658.970703-.972656z" stroke-width=".044377"/>'),
  ('cargotrailer', '<path d="m12.7794 20.063083v.988041.468251.551077c0 .08618.06947.155401.155656.155401h.01395c.08618 0 .155654-.06922.155654-.155401v-.551077h4.193474a2.4485323 2.4485323 0 0 1 1.694262-1.456292zm7.376593 0a2.4485323 2.4485323 0 0 1 1.541686 1.179086 2.4485323 2.4485323 0 0 1 1.540657-1.179086zm4.246044 0a2.4485323 2.4485323 0 0 1 1.854533 2.375352 2.4485323 2.4485323 0 0 1 -.01871.261564l3.991914-.231047v.156425c0 .235779.189901.42568.425681.42568h3.870363c.23578 0 .425426-.189901.425426-.42568v-1.489884c0-.23578-.189646-.425683-.425426-.425683h-.286179v-.646727zm-10.718604 1.456335h3.055866c.202247 0 .365069.162819.365069.36507v.473045c0 .202248-.162822.365071-.365069.365071h-3.055866c-.202248 0-.365069-.162823-.365069-.365071v-.473045c0-.202251.162821-.36507.365069-.36507zm8.084174.91911a2.0404435 2.0404435 0 0 0 2.040447 2.040443 2.0404435 2.0404435 0 0 0 2.040447-2.040443 2.0404435 2.0404435 0 0 0 -2.040447-2.040444 2.0404435 2.0404435 0 0 0 -2.040447 2.040444zm-4.24597 0a2.0404435 2.0404435 0 0 0 2.040447 2.040443 2.0404435 2.0404435 0 0 0 2.040446-2.040443 2.0404435 2.0404435 0 0 0 -2.040446-2.040444 2.0404435 2.0404435 0 0 0 -2.040447 2.040444zm-4.742237-10.528746h21.538707v7.878408h-21.538707z" stroke-linecap="round" stroke-linejoin="round" stroke-width=".496231"/>'),
  ('tanktrailer', '<path d="m17.225083 11.262565c-.159495 0-.287074.130264-.287074.289755 0 .159494.127586.287074.287074.287074h.112681v.482926h-1.121462-1.078535c-1.546961 0-2.790242 1.243282-2.790242 2.790241 0 1.54696 1.243281 2.792925 2.790242 2.792925h1.078535 16.161939c1.546959 0 2.792924-1.245965 2.792924-2.792925 0-1.546959-1.245965-2.790241-2.792924-2.790241h-1.985365v-.482926h.112681c.159494 0 .289755-.127586.289755-.287074 0-.159495-.130264-.289755-.289755-.289755h-1.894146c-.159495 0-.289755.130264-.289755.289755 0 .159494.130264.287074.289755.287074h.112681v.482926h-9.717552v-.482926h.11536c.159495 0 .287073-.127586.287072-.287074 0-.159495-.127585-.289755-.287072-.289755zm-4.204143 6.919262v.998049.472195.555364c0 .08694.07137.155611.158292.155611h.01346c.08693 0 .158292-.06868.158292-.155611v-.555364h.582194c-.203982 0-.36756.163575-.36756.36756v.47756c0 .203984.163578.367561.36756.367561h3.082681c.203984 0 .367561-.163577.367561-.367561v-.47756c0-.203985-.163577-.36756-.367561-.36756h.563414c.300028-.736068.93624-1.284183 1.709024-1.470244zm7.439751 0c.659989.165283 1.223736.597549 1.556095 1.191219.332125-.593444.893809-1.025679 1.553413-1.191219zm4.28463 0c1.099272.274888 1.869982 1.262731 1.869998 2.395853-.0015.08822-.0077.178074-.01878.265609l4.024388-.233415v.158293c0 .237802.191466.429268.429268.429268h3.903656c.237803 0 .429268-.191466.429268-.429268v-1.502437c0-.237803-.191465-.429268-.429268-.429268h-.287074v-.654635zm-4.882923.338049c-1.136575-.000001-2.057803.92123-2.057803 2.057804-.000001 1.136575.921227 2.057804 2.057803 2.057803 1.136576.000001 2.057804-.921228 2.057804-2.057803 0-1.136574-.92123-2.057805-2.057804-2.057804zm4.281948 0c-1.136574-.000001-2.057804.92123-2.057804 2.057804-.000001 1.136575.921228 2.057804 2.057804 2.057803 1.136575.000003 2.057804-.921228 2.057803-2.057803 0-1.136576-.921228-2.057807-2.057803-2.057804z" stroke-linecap="round" stroke-linejoin="round" stroke-width=".500488"/>'),
  ('trucktow', '<path d="m15.042911 20.332941a2.2134944 2.2134944 0 0 0 2.213494 2.213495 2.2134944 2.2134944 0 0 0 2.213495-2.213495 2.2134944 2.2134944 0 0 0 -2.213495-2.213497 2.2134944 2.2134944 0 0 0 -2.213494 2.213497zm-.543873-10.218909c-.09275.007-.182758.04953-.248456.125961-.131394.152873-.114111.381714.03877.513109l6.500867 5.587554h-6.685256c-.582457 0-1.051362.468908-1.051362 1.051363v2.014804h-.03384c-.226924 0-.409553.182634-.409554.409554v.727959c0 .226923.18263.409633.409554.409633h1.08521.575163a2.6561934 2.6561934 0 0 1 -.07995-.621018 2.6561934 2.6561934 0 0 1 2.656212-2.656211 2.6561934 2.6561934 0 0 1 2.656211 2.656211 2.6561934 2.6561934 0 0 1 -.07986.621018h8.787176a2.6561934 2.6561934 0 0 1 -.07995-.621018 2.6561934 2.6561934 0 0 1 2.656211-2.656211 2.6561934 2.6561934 0 0 1 2.656213 2.656211 2.6561934 2.6561934 0 0 1 -.07986.621018h.08213 1.125505c.226921 0 .409634-.18271.409634-.409633v-.727959c0-.22692-.182713-.409554-.409634-.409554h-.07413v-.708537c-.08851-.02439-.211475.01529-.279563-.01234-1.172892-.475787-.686955-1.280064-.484582-1.368239-.857719-1.067013-1.829669-1.220448-2.807153-1.329234-2.151508.08029-3.378573-3.590236-4.703009-3.431396h-2.563051c-.355405 0-.641569.286163-.641569.641569v3.142001h-.463636v-3.261515c0-.432594-.348311-.780826-.780907-.780826-.432595 0-.780827.348232-.780827.780826v2.827463l-6.638042-5.705373c-.07643-.06569-.171907-.0942-.264654-.0872zm.797588.305351 1.123893.966019 4.784083 1.958231v-.505856zm-1.126471.439452v1.204563a.42458282.42458282 0 0 0 -.355237.418256.42458282.42458282 0 0 0 .1204.295521c-.000165.000081-.000371.000081-.000565.000164 0 .675237.287864.468081.647129.807421.06842.07923.109762.182466.109762.295359 0 .249688-.202415.452103-.452103.452103-.249691 0-.452105-.202415-.452105-.452103-.0042-.289076-.451224-.361266-.572746-.113954.127046-.04039.159592.02498.158841.167143.000011.480801.385207.817366.86601.817332.480768-.000011.87051-.389752.870521-.870521.000026-.385827-.250928-.713022-.598534-.827246l-.0021-.2437a.42458282.42458282 0 0 0 .15465-.327514.42458282.42458282 0 0 0 -.355235-.418258v-1.085371zm.000082 1.374847c.000483.038.03119.0685.06931.0685s.06874-.0305.06922-.0685a.25850916.25850916 0 0 1 .189223.247972.25850916.25850916 0 0 1 -.258449.25853.25850916.25850916 0 0 1 -.258529-.25853.25850916.25850916 0 0 1 .189224-.247972zm10.683353 1.283621h1.859832c.465373.01199 1.149584.802683 2.021251 1.718155.183233.192441-.213944.479587-.479667.479587h-3.401416c-.265722 0-.479585-.213865-.479585-.479587v-1.238571c0-.26572.213863-.479584.479585-.479584zm9.895677 3.65503c-.03606-.0025-.07795.0111-.126767.04408l-.377236.291731c-.226345.289474-.116131.568661.02781.702817l.342019.242734c.146675.05633.29381.114788.333477-.332108v-.579112c-.03522-.210134-.09113-.362656-.199296-.370145zm-5.766562 3.160608a2.2134944 2.2134944 0 0 0 2.213493 2.213495 2.2134944 2.2134944 0 0 0 2.213494-2.213495 2.2134944 2.2134944 0 0 0 -2.213494-2.213497 2.2134944 2.2134944 0 0 0 -2.213493 2.213497z" stroke-width="1.28002"/>'),
  ('bus', '<path d="m16.305005 11.644619c-.0015 0-.0029.000219-.0044.000219h-2.718047c-.497971 0-.898758.400799-.898758.898759v2.722314 1.825051 2.722314c0 .497967.400787.898759.898758.898759h.978582a2.219616 2.219616 0 0 1 2.219681-2.219684 2.219616 2.219616 0 0 1 2.219474 2.219684h10.31172a2.219616 2.219616 0 0 1 2.219471-2.219684 2.219616 2.219616 0 0 1 2.219685 2.219684h.665904c.497961 0 .898719-.400792.89876-.898759l.000207-2.722314v-1.825051c0-2.006111-1.615174-3.621287-3.621286-3.621287zm-1.942863 1.121155h.07471 2.028449v3.071915h-2.028449-.07471c-.360816 0-.651394-.290585-.651394-.651392v-1.769345c0-.360814.290578-.651178.651394-.651178zm2.756676 0h2.754542v3.071702h-2.754542zm3.408069 0h2.754542v3.071702h-2.754542zm3.408068 0h2.754542v3.071702h-2.754542zm3.40807 0h2.754543v3.071702h-2.754543zm3.40807 0h1.115391c.90999.161407 2.305407.810102 2.312953 3.071702h-3.428344zm-1.196709 4.129466h.213644c.149869 0 .270632.120548.270632.270417v.687036c0 .149868-.120763.270417-.270632.270417h-.213644c-.149868 0-.270631-.120549-.270631-.270417v-.687036c0-.149869.120763-.270417.270631-.270417zm-12.773431 2.27539a1.5414 1.5414 0 0 0 -1.541398 1.5414 1.5414 1.5414 0 0 0 1.541398 1.5414 1.5414 1.5414 0 0 0 1.541401-1.5414 1.5414 1.5414 0 0 0 -1.541401-1.5414zm14.750657 0a1.5414 1.5414 0 0 0 -1.5414 1.5414 1.5414 1.5414 0 0 0 1.5414 1.5414 1.5414 1.5414 0 0 0 1.5414-1.5414 1.5414 1.5414 0 0 0 -1.5414-1.5414z" stroke-linecap="round" stroke-linejoin="round" stroke-width=".163916"/>'),
  ('minibus', '<path d="m18.348564 18.925463c1.237673 0 2.245081.997813 2.245081 2.24508 0 1.237673-1.007408 2.245081-2.245081 2.245081-1.247267 0-2.254675-1.007408-2.254675-2.245081.0096-1.247267 1.017002-2.24508 2.254675-2.24508zm0 3.67464c.786738 0 1.42956-.642822 1.42956-1.42956 0-.786737-.633228-1.429559-1.42956-1.429559-.786738 0-1.42956.633227-1.42956 1.429559 0 .786738.642822 1.42956 1.42956 1.42956zm10.678525-3.67464c1.247267 0 2.254675.997813 2.254675 2.24508 0 1.237673-1.007408 2.245081-2.254675 2.245081-1.237673 0-2.245081-1.007408-2.245081-2.245081 0-1.247267 1.007408-2.24508 2.245081-2.24508zm0 3.67464c.786738 0 1.42956-.642822 1.42956-1.42956 0-.786737-.642822-1.439154-1.42956-1.439154s-1.42956.633228-1.42956 1.42956.642822 1.439154 1.42956 1.439154zm-16.1665-3.751395v-3.16614l.0096-.0096c.05757-2.293053.604445-3.54032.604445-3.54032 0-.911464.738766-1.65023 1.65023-1.65023h17.097154c.911464 0 1.65023.738766 1.65023 1.65023 0 0 .556473 1.247267.604445 3.54032l.0096.0096v.479718l.460529.335803v.03838h.0096c.134321 0 .239859.326208.239859.719577s-.105538.719577-.239859.719577c0 0 0 0-.0096 0v.05757l-.460529.37418v1.180107c0 .08635-.0096.182293-.02878.268642.230265.0096.402963.22067.402963.479718v.585256c0 .268642-.191887.489312-.441341.489312h-2.177935c-.124726 0-.249453-.06716-.326208-.172698h-.335803c0-1.42956-1.151323-2.580883-2.580883-2.590478-1.42956.0096-2.580883 1.170512-2.580883 2.590478h-5.526353c0-1.42956-1.151323-2.580883-2.571289-2.590478-1.42956.0096-2.580883 1.170512-2.580883 2.590478h-1.247267c-.383775 0-.738766-.134321-1.026597-.354991h-.508501c-.230265 0-.422152-.191888-.422152-.422152v-1.199296c.01919-.201481.143915-.364585.326208-.412557zm16.252849-3.60748h4.730021c-.115133-1.976439-.585256-3.041413-.585256-3.041413 0-.105538-.0096-.211076-.02878-.316614h-4.106387c-.163104 0-.287831.134321-.287831.30702v2.743987c-.01919.163104.115132.30702.278236.30702zm-6.322684-.249454c0 .172699.124726.30702.287831.30702h4.739614c.163105 0 .287831-.134321.287831-.30702v-2.743987c0-.172699-.124726-.30702-.287831-.30702h-4.739614c-.163105 0-.287831.134321-.287831.30702zm-5.929316 0c0 .172699.124727.30702.287831.30702h4.739615c.163104 0 .287831-.134321.287831-.30702v-2.743987c0-.172699-.124727-.30702-.287831-.30702h-4.739615c-.163104 0-.287831.134321-.287831.30702zm-.03838 2.964658c-.0096-.07675-.06716-.143915-.143916-.143915h-2.619261c-.07676 0-.134321.06716-.143915.143915zm0-.287831c-.0096-.07675-.06716-.153509-.143916-.153509h-2.619261c-.07676 0-.134321.06716-.143915.153509zm0-.287831c-.0096-.08635-.06716-.153509-.143916-.153509h-2.619261c-.07676 0-.134321.06716-.143915.153509zm0-.297425c-.0096-.08635-.06716-.15351-.143916-.15351h-2.619261c-.07676 0-.134321.06716-.143915.15351z" stroke-width=".095944"/>'),
  ('tractor', '<path d="m32.274605 23.148028a2.7011893 2.7072888 0 0 1 -2.701188 2.707289 2.7011893 2.7072888 0 0 1 -2.70119-2.707289 2.7011893 2.7072888 0 0 1 2.70119-2.707288 2.7011893 2.7072888 0 0 1 2.701188 2.707288zm-8.847263-1.939401a4.4721241 4.496418 0 0 1 -4.472123 4.496419 4.4721241 4.496418 0 0 1 -4.472125-4.496419 4.4721241 4.496418 0 0 1 4.472125-4.496417 4.4721241 4.496418 0 0 1 4.472123 4.496417zm-5.38828-12.474252c-1.485734.02306-2.45794.3251464-2.46289 1.732422l-.01367 6.177734c3.332305-2.390711 8.455901-1.16583 9.035156 4.398438l1.894532-.01953c2.18832-2.906663 5.259599-1.589959 6.011718-.285157 0 0 .218481.09334.667969-.474609l.818359-2.957031c.390134-1.28297-.482913-1.440527-1.746093-1.396485l-.0098-3.326172c-.0065-.397725-.04041-.96246.941406-.929687.578168-.01264.543611-.789897.05078-.798828-.352516.0018-.655537.03121-.908203.142578-.605891.267081-.817819.841358-.830078 1.349609l.02344 3.539063-4.792969.02344c-.695943.0034-.733625-.48606-.902344-.949218l-2.279266-5.226567c-.359006-.8756294-1.171694-.9393234-2.36914-.9179688-1.161365-.0088878-2.237466-.0958671-3.128907-.0820312zm2.47461 1.2109375c1.68946.0002419 1.971816.3778455 2.964844 2.7988285.455795 1.027104.173152 1.305673-.05273 1.480468-.12771.108877-.278223.266422-.591797.240235l-5.71289-.02539c-.148263-.0079-.443239-.272407-.441406-.515625l.070307-3.509767c.0016-.216659.172493-.390624.388672-.390624 1.547476 0 2.607063-.078235 3.375-.078126z" stroke="#000" stroke-width=".383517"/>'),
  ('grader', '<path d="m15.73891 8.0587453c.04594 0 .0918.017666.127002.052876l.793806.7938063c.04909.032019.08158.08721.08158.1504401v1.7852923c.221278.06942.381006.275408.381006.52018v.937161l1.524383-.248553c.0073-.666963.121184-1.684922.746931-1.638668.332354-.008.629084-.01133.894281-.01054 1.856377.0056 2.163902.214412 2.272951.465128l2.30747 3.712303 5.647854.111195c.662129-.0037 1.324216.02918 1.985879.58795l1.091053.951878c.280717.361228.512526.03424.908816 2.024216l-.07177.144623a2.6570779 2.6570779 0 0 0 -1.367585-.384095 2.6570779 2.6570779 0 0 0 -.60921.07722c.03078-.334073.0034-.687474-.05306-1.050535l-3.01461 1.151192c-.09826.03752-.203836.01571-.277441-.04778l-1.518208.579775c.04696.04617.08812.09818.121188.155709h1.304721c-.813238 1.518089-.323383 2.125279.105562 2.774961l-5.604245-.565421c-.438467-.653831-.302673-1.403108.177148-2.209539h.967502c.124945-.217353.358783-.363564.628468-.363564h.910453l-.127907-1.348695c-.111722-.02601-.199119-.120303-.210579-.241104l-.08703-.918265c-.796084.141999-1.736032.474552-2.507876 1.216963-.119267.145432-.246162.287112-.372648.428973v.927348.125367 1.129207.25364.186051.41589c0 .151446-.121999.273445-.273444.273445h-.354843a2.2142316 2.2142316 0 0 0 .0091-.125367h.350663c.07468 0 .134814-.06014.134814-.134814v-.429154-.183689-.256002h-.642091a2.2142316 2.2142316 0 0 0 -.05396-.125548h.696056v-1.003478h-.605759c-.02588.06265-.05106.125666-.07013.191684h-.03633a2.6570779 2.6570779 0 0 0 -.211859-.191684h-.455499v.18478a2.2142316 2.2142316 0 0 0 -.128455-.09266v-.0923-.125367-.278531a2.6570779 2.6570779 0 0 0 -1.179536-.288707h-.000186a2.6570779 2.6570779 0 0 0 -1.975341.88447h-.697509a2.6570779 2.6570779 0 0 0 -1.975342-.88447 2.6570779 2.6570779 0 0 0 -1.735145.645183c-.97818-2.506533-.46373-4.330115-.175151-5.574269.03377-.145586.129866-.225706.311782-.248735l2.204983-.359566v-1.115218c0-.233145.145135-.430643.350117-.508915v-1.7166117l-.770004-.7700046c-.07041-.070408-.07041-.1837842 0-.2541857.0352-.035203.08124-.052876.127184-.052876zm6.583015 2.9966247c-.05211.00065-.108143.0068-.165156.0076l-.07231.0011c-.152035.0023-.161198.246522-.08594.378643l1.775664 3.117084c.07526.132122.22641.08485.37846.08576l.26327.0016c.152051.000942.166837-.249829.08576-.37846l-1.966443-3.1198c-.05068-.08037-.126456-.09467-.213305-.09355zm-.946245.275261h-.409894c-.239444 0-.432241.192799-.432241.432242v2.57165c0 .239442.192797.432241.432241.432241h1.799101c.239443 0 .546043-.221571.432242-.432241l-1.389206-2.57165c-.113801-.210671-.1928-.432242-.432243-.432242zm9.238606 4.435432-4.213406.16116.08921.939341c.0089.09419-.03047.181357-.09793.237288l.133906 1.412098h.5567c.10039 0 .195667.02042.282348.05705l1.644845-.628106c-.0084-.116784.06028-.230109.176603-.274534l2.98318-1.1392c-.484565-.519095-1.008887-.728309-1.555456-.765097zm-7.853214 2.042748c-.211674.24311-.410042.492837-.548161.772367h.548161zm-1.379578.568509v.203858h.316688a2.6570779 2.6570779 0 0 0 -.316688-.203858zm2.082538 2.337633c.03676.08731.07868.173295.142445.253277l5.219973.528175c-.08292-.116549-.137087-.225206-.160615-.325409zm9.598578-2.258233a2.2142316 2.2142316 0 0 1 2.214082 2.214082 2.2142316 2.2142316 0 0 1 -2.214081 2.214265 2.2142316 2.2142316 0 0 1 -2.214264-2.214264 2.2142316 2.2142316 0 0 1 2.214239-2.214107zm-12.98919 0a2.2142316 2.2142316 0 0 1 2.214082 2.214082 2.2142316 2.2142316 0 0 1 -2.214081 2.214265 2.2142316 2.2142316 0 0 1 -2.214265-2.214264 2.2142316 2.2142316 0 0 1 2.214239-2.214107zm-4.64829 0a2.2142316 2.2142316 0 0 1 2.214083 2.214082 2.2142316 2.2142316 0 0 1 -2.214082 2.214265 2.2142316 2.2142316 0 0 1 -2.214265-2.214264 2.2142316 2.2142316 0 0 1 2.21424-2.214107z" stroke-linecap="round" stroke-linejoin="round" stroke-width=".139538"/>'),
  ('loader', '<path d="m160.64682 162.65399c-3.84804 1.18402-9.62008 5.47605-12.28411 9.47209-8.43606 12.28409-3.55203 29.60024 10.36009 35.81629 5.32804 2.36802 13.61611 2.22001 19.24015-.29601 5.32804-2.51602 9.62008-6.80806 12.1361-12.1361 2.51602-5.47604 2.66403-13.91211.29601-19.24015-2.36802-5.18004-6.80805-9.76809-12.13611-12.2841-3.70002-1.77602-5.62404-2.07202-9.91608-2.07202-2.81202 0-6.36405.444-7.69605.74zm-87.764726-13.1721c-8.880073 3.25603-14.65212 8.14006-18.500152 16.28014-3.919261 9.9773-3.43758 15.70735.148001 25.4562 3.108026 6.06805 8.288068 11.24809 14.65212 14.35612 4.736039 2.22002 5.772048 2.51602 12.432103 2.51602 6.512053 0 7.696063-.296 12.432101-2.51602 9.620083-4.44003 15.540133-12.2841 17.464143-22.49619 2.36801-13.1721-5.03204-26.78822-17.464143-32.70826-5.772046-2.36803-15.392125-2.96003-21.164173-.88801zm117.956966-15.98413c-2.22002 3.40402-4.44003 6.21604-5.03204 6.21604s-11.24809-2.66401-23.8282-5.77204c-12.5801-3.10803-23.23619-5.77204-23.68019-5.77204-.44401 0-.74001 1.332-.74001 2.81202v2.96002l24.56821 10.36009 24.5682 10.36009 13.76411 15.54012c9.62007 10.65608 14.50412 16.87214 15.98413 19.98016 8.14007 17.02015 32.11627 20.57217 48.5444 7.25206 1.77601-1.48001 4.88404-4.73604 6.80806-7.25206 3.10802-4.14403 3.40402-4.73603 2.51602-5.77205-1.03601-1.03601-1.62802-.888-5.18005 1.33202l-3.99603 2.51602-19.38816-19.38816-10.05102-23.77593-9.48514 4.23976-1.92401 1.77602-1.92402 1.77602-4.44003-3.84804c-2.51602-2.07201-7.10407-6.51205-10.21209-9.76807-3.10802-3.25603-7.40006-7.25206-9.32408-8.88008l-3.55203-3.10803zm16.42813 17.46414 9.76809 9.76808-1.62801 4.44003c-1.33202 3.55203-1.92402 4.14404-2.66403 3.40404-.592-.59201-5.18004-5.77205-10.06408-11.69211l-9.17608-10.65608 1.62801-2.51602c.88802-1.33201 1.77602-2.51602 1.92402-2.51602.296 0 4.88404 4.44004 10.21208 9.76808zm-138.52913-87.616724c-1.332011.888008-2.812024 2.220018-3.256027 3.256027-.740006 1.628014-9.916081 77.700647-9.916081 81.844677 0 2.66402.296002 2.66402 3.256026.14801 5.624047-4.58805 15.244126-7.99207 23.088189-7.84408 20.572163.14801 37.888313 17.61215 37.888313 38.18432v3.84803h9.02808c9.62007 0 10.06408-.148 10.06408-3.70003 0-.74001 1.03601-3.40403 2.07201-5.92005 4.44003-9.47208 14.06011-15.98412 24.4202-17.02014 5.32805-.444 5.47605-.592 5.47605-2.51602 0-1.92401-.74001-2.36802-19.09216-9.62008l-19.09216-7.54806v-5.92005c0-3.25603.296-5.92004.74001-5.92004s8.58407 1.92401 18.05614 4.14403c9.62008 2.22002 17.76016 4.14403 18.35216 4.14403.88801 0 1.03601-1.48001 1.03601-6.80806 0-6.36405-.148-7.10406-2.07202-9.17607-1.77601-1.92402-2.96003-2.51602-6.06805-2.81202l-3.99603-.44401v-6.66006c0-6.21604-.14801-6.80806-1.48002-6.80806-1.48001 0-1.48001-.591997-1.48001-7.696054v-7.696064h-3.84803-3.84803v7.696064c0 7.104057 0 7.696054-1.48001 7.696054-1.48002 0-1.48002.59202-1.48002 6.80806v6.80807h-3.84803c-3.10802 0-3.84802-.296-3.84802-1.33202-.14801-.74-.88802-10.95209-1.77602-22.940188-1.48001-18.944156-1.92402-21.904181-3.25603-23.680195-2.96002-3.848031-3.10803-3.996032-33.152265-3.996032-26.492222-.148002-28.120235 0-30.488255 1.480011zm29.008241 28.268232v22.200192h-13.320113c-13.320108 0-13.320108 0-13.320108-1.77602-.148002-2.96002 2.51602-40.552336 2.812022-41.588345.148002-.740007 3.256027-.888007 12.1361-.888007h11.840094v22.05218zm27.528229-21.312174c0 .592004.74 10.212083 1.48 21.608177.88801 11.248089 1.48001 20.868179 1.48001 21.164179 0 .44401-5.47603.592-12.28409.592h-12.2841v-22.200183-22.05218h10.65608c8.14006 0 10.9521.148001 10.9521.888007z" stroke-width="1.48001" transform="matrix(.09967288 0 0 .09967288 7.734162 2.456723)"/>'),
  ('backhoe', '<path d="m24.413398 21.511997c-.363949.111987-.909875.517927-1.161839.895875-.797889 1.161839-.335954 2.799612.979864 3.387531.503931.223969 1.287822.20997 1.819748-.02799.50393-.237967.909873-.64391 1.14784-1.14784.237967-.517929.251966-1.315817.028-1.819748-.22397-.489932-.643911-.923872-1.147842-1.16184-.349951-.167976-.531926-.195972-.937869-.195972-.265963 0-.601916.04199-.727899.06999zm-8.30085-1.245828c-.839883.307958-1.385807.769893-1.749757 1.539787-.370686.943661-.325129 1.485612.01404 2.407665.293959.573921.783892 1.063853 1.385808 1.357812.447938.209972.545924.237967 1.175837.237967.615915 0 .727899-.02799 1.175837-.237967.909874-.419941 1.469797-1.161839 1.651771-2.127704.223969-1.245827-.475933-2.53365-1.651771-3.093571-.545924-.22397-1.455799-.279962-2.001723-.08398zm9.741531-14.8659882-.04115.9380963c-.02799.5179272-.05486 1.2458896-.05486 1.6238375v.6857418l.60071.4608188c.405944.2939592.617169.4917528.617169.5897378 0 .237966-.336924 1.076587-.630883 1.552521-.139977.237964-.587577.757357-.965525 1.149303l-.699457.699457.699457.22218c.113869.03805.274252.12502.447103.25784l-.458076.984724c-.209803.01942-.4033.145639-.499219.3511l-.639111 1.368743v-.03566c0-.587917-.0139-.644597-.139892-.644597-.139976 0-.139892-.05498-.139892-.726887v-.726886h-.362073-.364814v.726886c0 .671904.000085.726887-.139892.726887s-.139892.05668-.139892.644597v.644598h-.364816c-.293959 0-.362071-.02819-.362071-.126171-.01404-.07-.08607-1.035849-.170064-2.169688-.139977-1.791749-.18123-2.073028-.307213-2.241006-.279961-.363949-.293612-.375786-3.135213-.375786-2.505648-.01404-2.658892-.000086-2.88286.139892-.125989.08398-.267961.209226-.309955.307213-.07.153978-.938096 7.348712-.938096 7.740658 0 .251965.03.251635.309955.01376.531925-.433936 1.441508-.754598 2.183404-.740601 1.945726.01404 3.582317 1.664022 3.582317 3.609747v.364815h.855806c.909872 0 .95181-.0152.95181-.3511 0-.06999.09676-.321599.194751-.559566.419941-.895873 1.329718-1.512136 2.309579-1.610122.1071-.009.182165-.01656.249611-.02469.338209.01264 1.006493.0083 1.88442.0083h2.128543l.0083-4.86877.02743-4.967515 2.518046 1.985908c1.385806 1.09185 2.547889 1.988324 2.561933 2.002368.01404.0139-.783583.02743-1.777443.02743h-1.804875l-.08504-.433389c-.07-.377945-.09838-.433388-.252353-.433388-.15398-.000002-.179614.0422-.249609.532135-.22397 1.427801.460016 2.814407 1.71984 3.486314.349952.181927.4634.194751 1.149304.194751.685905-.000001.796611-.01278 1.146562-.194751.741897-.391946 1.303013-1.038009 1.568977-1.793902.181974-.503931.279021-1.272082.181036-1.440059-.04199-.09798-2.309214-2.281875-5.038833-4.871512zm-6.829993 7.2935532h1.006669c.769894 0 1.036842.01236 1.036842.08228 0 .05599.06991.968407.139892 2.046254.08398 1.06385.139893 1.971629.139893 1.999624 0 .04199-.516366.05761-1.160276.05761h-1.16302v-2.101115zm-1.664981.01376h1.119131v2.084656h-.01376v2.101115h-1.259017c-1.259824 0-1.261766.000656-1.261766-.167322-.01404-.27996.238073-3.83543.266068-3.933417.01404-.07.309422-.08504 1.149305-.08504zm8.969507 1.407143c.203111.301883.376361.70018.463561 1.223364l.05761.279782h.419668.419674v.938096.910666c-.401323.01459-.792611.531549-.866777 1.171247l-.126172.685742-.798203.02743-.518422.0192v-1.316625c0-.601917-.01556-.670806-.197493-.866779-.0045-.0048-.0093-.0063-.01376-.01095l.814661-1.741786c.08469-.181406.07249-.38205-.01376-.545851z" stroke-width=".139981"/>'),
  ('backhoeloader', '<path d="m27.946029 19.052318c-.25915.07974-.647874.368789-.827285.637906-.568136.827285-.239215 1.993458.69771 2.412084.358822.159476.91699.149509 1.295747-.01994.358823-.169444.647874-.458495.817318-.817317.169444-.36879.179411-.936926.01994-1.295748-.159477-.348855-.458496-.657841-.817318-.827285-.249182-.119607-.378757-.139542-.667808-.139542-.189379 0-.428594.0299-.518299.04984zm-5.910602-.887089c-.598037.21928-.986762.548201-1.245911 1.096402-.263947.671931-.231507 1.057827.01 1.714373.209313.408659.558168.757514.986762.966827.318953.149509.388724.169444.837252.169444.438561 0 .518299-.01994.837252-.169444.647874-.299019 1.046565-.827285 1.17614-1.515028.159477-.887088-.338888-1.804079-1.17614-2.20277-.388724-.159477-1.036598-.199346-1.425322-.0598zm-3.887242-.757514v.518299h.647873.637907l.09967.348855c.0598.199346.189378.647874.289051 1.016664.259149.936925.249182.91699.289051.58807.04984-.408659.199346-.857187.388725-1.136271l.169443-.249183-.179411-.608004c-.09967-.338888-.199345-.69771-.229247-.80735l-.04984-.189379h-1.036598-1.02663zm11.83117-.318953c-.149509.229247-.299018.418626-.338887.418626-.03987 0-.757514-.179411-1.604734-.388724-.847219-.209313-1.564864-.388725-1.594766-.388725-.0299 0-.04984.08971-.04984.189379v.199346l1.65457.69771 1.654569.69771.926958 1.046565c.647874.717645.976794 1.136271 1.076467 1.345584.548201 1.146238 2.162902 1.385453 3.269271.488397.119607-.09967.32892-.318953.458495-.488397.209313-.279084.229248-.318953.169444-.388724-.06977-.06977-.10964-.0598-.348855.08971l-.269117.169443-1.305715-1.305714-.676896-1.601213-.638786.285531-.129574.119607-.129575.119608-.299019-.25915c-.169444-.139542-.47843-.438561-.687743-.657841s-.498364-.488397-.627939-.598037l-.239215-.209313zm1.106369 1.17614.657841.657841-.10964.299018c-.08971.239215-.129574.279085-.179411.229248-.03987-.03987-.348855-.388724-.677775-.787416l-.617972-.717644.10964-.169444c.0598-.08971.119607-.169444.129575-.169444.01993 0 .32892.299018.687742.657841zm-9.329381-5.900635c-.08971.0598-.189379.14951-.21928.219281-.04984.10964-.667809 5.232826-.667809 5.51191 0 .179411.01993.179411.219281.01.378757-.308986 1.02663-.538233 1.554897-.528266 1.385453.01 2.551625 1.186107 2.551625 2.57156v.25915h.608005c.647874 0 .677775-.01.677775-.249182 0-.04984.06977-.229248.139542-.398692.299019-.637906.946893-1.076467 1.644603-1.146238.358822-.0299.36879-.03987.36879-.169444 0-.129575-.04984-.159477-1.285781-.647874l-1.28578-.508331v-.398692c0-.21928.01994-.398691.04984-.398691s.578102.129574 1.216009.279084c.647874.149509 1.196074.279084 1.235944.279084.0598 0 .06977-.09967.06977-.458496 0-.428593-.01-.478429-.139542-.617971-.119608-.129575-.199346-.169444-.408659-.189379l-.269117-.0299v-.448528c0-.418626-.01-.458495-.09967-.458495-.09967 0-.09967-.03987-.09967-.518299v-.518299h-.259149-.25915v.518299c0 .47843 0 .518299-.09967.518299s-.09967.03987-.09967.458495v.458496h-.259149c-.209313 0-.259149-.01994-.259149-.08971-.01-.04984-.0598-.737579-.119608-1.54493-.09967-1.275813-.129575-1.475158-.21928-1.594766-.199346-.259149-.209313-.269117-2.232673-.269117-1.784144-.01-1.893785 0-2.053261.09967zm1.953588 1.903752v1.495094h-.897056c-.897056 0-.897056 0-.897056-.119608-.01-.199346.169444-2.731037.189379-2.800808.01-.04984.21928-.0598.817318-.0598h.797383v1.485126zm1.853916-1.435289c0 .03987.04984.687743.09967 1.455224.0598.757514.09967 1.405388.09967 1.425322 0 .0299-.36879.03987-.827285.03987h-.827285v-1.495093-1.485126h.717645c.5482 0 .737579.01.737579.0598zm-9.847681.0299c-1.943621 1.843948-3.558321 3.398845-3.588223 3.468616-.06977.119607 0 .667808.129574 1.026631.189379.538233.58807.996728 1.116337 1.275813.249182.129574.32892.139542.817317.139542s.568136-.01.817318-.139542c.897056-.47843 1.385453-1.465192 1.225976-2.481855-.04984-.348855-.06977-.378757-.179411-.378757-.10964 0-.129575.03987-.179411.308986l-.0598.308986h-1.28578c-.707677 0-1.275813-.01-1.265846-.01993.01-.01.837253-.647874 1.824014-1.425322l1.794112-1.415355.01993 3.538387.01 3.52842h1.515028c.897056 0 1.515027-.01993 1.515027-.04984 0-.0299-.0299-.169444-.0598-.308986l-.0598-.25915-.568135-.01993-.568136-.01993-.0897-.488397c-.04984-.269117-.08971-.518299-.08971-.558168-.01-.04984.119607-.0598.458495-.0598h.47843l-.03987-.169444c-.01994-.0897-.0598-.249182-.08971-.358822l-.04984-.199346h-.667808-.667809v-.647873-.667809h.299019.299019l.03987-.199346c.0897-.538233.488397-1.17614.857186-1.375485.07974-.03987.14951-.06977.14951-.0598 0 .01-.10964.358822-.25915.787416-.139542.418626-.259149.787415-.259149.817317 0 .01993.09967.03987.21928.0299l.209313-.01993.299019-.887089.289051-.887089-.498364-.498364c-.269117-.279084-.58807-.647874-.687743-.817318-.209313-.338887-.448528-.936925-.448528-1.106369 0-.06977.149509-.209313.438561-.418626l.428593-.32892v-.488397c0-.269117-.01994-.787416-.03987-1.156206l-.0299-.667808z" stroke-width=".099673"/>'),
  ('miniloader', '<path d="m27.993601 6.3123475c.31401.1046696.532864.2854632.685111.5709263.07613.1427315.08564.3615871.10467 4.1201862.0095 2.188551.03806 3.929877.05709 3.882299.01903-.05709.09516-.114184.161763-.152247.171278-.06661.361586 0 .43771.161763.03806.07613.04757.913483.04757 2.892695v2.778508l.133216.161762c.266432.294979.133216.285464 2.81657.285464 2.645293 0 2.578686 0 2.645293.247401.04758.161763-.04758.352071-.190308.409165-.08564.03806-.837359.04757-2.578685.03806l-2.454977-.0095-.294979-.142733c-.190309-.09515-.352072-.218854-.456741-.342555l-.161763-.19031h-.780266-.780267l-.304494.314011c-1.132336 1.179914-2.883178 1.4178-4.291464.599472-.418679-.247401-1.046698-.884936-1.275069-1.2941l-.171278-.323525h-1.237008c-1.141853 0-1.237006 0-1.265553.07613-.323525 1.027667-1.132338 1.760357-2.169521 1.969696-.846874.171278-1.769872-.09515-2.445468-.704143-.247401-.22837-.561411-.704143-.685111-1.037183-.09516-.247402-.114186-.285463-.266433-.33304-.256917-.08564-.399649-.218856-.52335-.466257l-.114185-.237886.01903-1.303615c.01903-1.208462.02854-1.332162.114186-1.617626.161762-.494802.380618-.846874.770751-1.237007.675596-.675596 1.541501-1.06573 2.845116-1.2941.285463-.04758.608989-.08563.713658-.08563.10467 0 .247402-.0095.323525-.02855l.133216-.02854v-2.140985c0-2.0267885 0-2.1504891.08564-2.4264371.114185-.3711022.418679-.7231734.780266-.8944514l.247401-.1237005 1.769873-.00952c2.055335-.01903 2.026789-.01903 2.626262.3806177.409164.2759476 1.113307.9515438 1.531986 1.4748933.685111.856389 1.417801 2.15049 1.73181 3.025909.142732.41868.294979 1.037183.31401 1.2941.0095.08564.01903-1.579562.03806-3.682475.01903-3.6348984.02854-3.8442379.10467-3.996485.114185-.2188551.285463-.3901331.485287-.4948027.180793-.10467.551895-.142732.723174-.085639zm-8.678083 3.5207133c-.07613.047578-.180793.1427315-.237886.2188552-.09515.142731-.10467.180793-.114186 1.08476-.0095.922998-.0095.951544.08564 1.094276.171278.247401.285463.304494.827844.390133.96106.171278 1.417801.380618 1.969696.913482.20934.199824.428194.380618.504318.399649.06661.02854.466257.04758.922998.04758.761236 0 .808813 0 .951544-.10467.361591-.247404.418683-.542383.247405-1.227496-.247401-.98009-.942029-2.055335-1.665202-2.616746-.399648-.3140088-.399648-.3140088-1.960181-.2949783-1.227492.01903-1.408285.028548-1.531986.095154zm4.538866 7.0794882c-.789782.285462-1.332162 1.018152-1.389255 1.865027-.03806.599472.152247 1.094275.570927 1.551016.846874.903967 2.217098.894452 3.054456 0 .142732-.152247.294979-.361587.352072-.475772.589957-1.217976-.03806-2.607231-1.351193-2.987849-.285463-.08564-.922998-.05709-1.237007.04758zm-8.28795 1.408285c-.256917.114185-.561412.409165-.694627.685112-.152247.314009-.152247.865905 0 1.179914.409164.827844 1.455862 1.065729 2.160005.494804.846875-.685112.608988-2.036305-.418679-2.407407-.294979-.09515-.761236-.07613-1.046699.04758z" stroke-width=".095155"/>'),
  ('excavator', '<path d="m19.159208 8.3889232c.65479.08185 1.827954.345584 2.082595.46381.209168.100037.227358.145509 1.255013 3.0102128.582035 1.600597 1.073127 2.955648 1.091316 3.010214.04547.09094.300112-.04547 1.7552-.90943l1.700634-1.018562 2.018934-.436526c1.109504-.245547 2.255387-.500187 2.555498-.572942l.545659-.136414.318299-.827582c.227358-.554752.372867-.818486.427432-.818486.05457.0091.209169.427432.409244 1.136787l.327395 1.118599-.06366 2.300858-.06366 2.300858.518375.936713c.281924.518375.518378.963995.518378 1.000373 0 .03638-.1637.136414-.363774.209168-.200075.07276-.363772.136415-.363772.154604 0 .0091.118226.227357.272828.481997.372868.65479.482002 1.000374.482002 1.509654-.0091.71845-.418341 1.327768-1.136791 1.682446-.727544.354677-1.236824.354677-2.000746-.02728-.57294-.281924-1.664256-1.118599-1.664256-1.264108 0-.136414.400149-.300112.763921-.300112.291018 0 .44562-.04547.745733-.19098.44562-.227357 1.091315-.809393 1.364144-1.236825l.200071-.309209-.118226-.536564c-.06366-.300111-.345584-1.746105-.618412-3.228476-.372866-1.94618-.500187-2.737384-.454715-2.837421.03638-.100038.02728-.136414-.02728-.136414-.03638.0091-1.064033.436525-2.282669.963995l-2.200821.954901-.918524 1.655163-.918524 1.655162-.709355.163697c-.40015.09094-.818487.163698-.945808.172792-.209169 0-.245546.02728-.536563.46381-.172792.25464-.291018.472903-.27283.491092.01819.01819.745733.04547 1.618786.06366 1.373239.02728 1.636974.04547 1.909803.145508.427432.154604.873052.572941 1.091316 1.000374.145509.300111.172791.418337.172791.854864 0 .618412-.172791 1.045844-.57294 1.455087-.391055.391055-.836676.572941-1.418711.572941-.609318 0-1.045844-.181886-1.473276-.627506l-.291018-.300112h-3.501306-3.49221l-.227358.263735c-.291018.327395-.863959.618412-1.327768.672978-.263735.02728-.445621.0091-.782109-.100037-.381961-.118226-.491092-.181886-.809393-.500187-.454715-.454715-.609318-.818487-.600224-1.473276 0-.763922.46381-1.464183 1.173164-1.800672.245547-.118226.409244-.136414 1.618786-.154603l1.345956-.02728-.281923-.500186c-.154603-.272829-.3183-.500187-.354677-.500187-.03638 0-.391056-.136414-.78211-.300111l-.71845-.300113v-2.26448-2.237198l.19098.01819c.163698.01819.200075 0 .227357-.118226.01819-.08185.07276-1.064033.118227-2.191726.08185-1.6915398.118225-2.0644068.190979-2.1553498.118231-.12732.572946-.327394 1.036755-.44562.391055-.136415 1.600597-.172792 2.246292-.100038zm-1.427805.973091c-.218263.02728-.545658.136414-.736638.218263l-.336489.154603-.03638.7912038c-.01819.44562-.04547 1.318674-.06366 1.955275-.02728 1.073127-.02728 1.16407.07276 1.191353.209169.06366 5.856729 1.236825 5.865823 1.218636.04547-.04547-1.582408-5.1019018-1.655162-5.1564678-.109132-.08185-1.03675-.309206-1.56422-.381961-.536564-.06366-1.10041-.06366-1.546031.0091zm14.823708 2.8192328c-.154603.118226-.181886.381961-.06366.527469.08185.100038.318301.118226.491092.02728.172792-.09094.154604-.445621-.01819-.572941-.172791-.109131-.245546-.109131-.409244.01819zm-5.71122 1.382333c-.136414.127321-.118226.363773.02728.509281.154603.154603.281923.154603.454715-.02728.172791-.172792.19098-.25464.05457-.445621-.118226-.154602-.40015-.181886-.536564-.03638zm5.765786 3.110251c-.06366.06366-.118226.172792-.118226.245546 0 .154603.209169.363772.354678.363772.181886 0 .372865-.172792.372865-.345584 0-.345583-.372865-.500186-.609317-.263734zm-7.584645 3.937832c-.318301.209168-.536564.691166-.491093 1.045844.04547.300112.227358.600224.481998.78211.136414.100037.263734.12732.609318.12732.391055 0 .463809-.01819.663884-.172792.536564-.409243.591129-1.10041.118226-1.618785-.118226-.12732-.300112-.263735-.409244-.300112-.300111-.08185-.736638-.02728-.973089.136415zm-10.349314-.07276c-.44562.200075-.636601.518375-.636601 1.018562.0091.600224.463809 1.03675 1.073128 1.03675.354677 0 .572941-.09094.809392-.345584.809393-.845769-.172791-2.20082-1.245919-1.709728z" stroke-width=".090943"/>'),
  ('forklift', '<path d="m32.367217 15.129449c0 .148022.09251.277542.231282.286793v.379295l-.185025.01845v.185028h.545824v-.185028h.0092l-.194277-.01845v-.370043c.138768-.01845.231281-.148023.231281-.286793v-.499563h-.638336zm-1.794741.61058h1.304426v.259039h-1.304426zm.804858-.564323h.08326v.407049h.259035v-.407049h.08326c.0185 0 .04626-.0098.05551-.0278.0092-.01845.0185-.04626.0092-.06471l-.212779-.388546c-.0092-.0278-.03701-.04626-.06476-.04626s-.05551.01845-.06476.04626l-.212779.388546c-.0092.01845-.0092.04626.0092.06471.0092.0098.02775.0278.05551.0278zm-.740099 0h.08326v.407049h.259034v-.407049h.08326c.0185 0 .04626-.0098.05551-.0278.0092-.01845.0185-.04626.0092-.06471l-.212749-.38855c-.0092-.0278-.03701-.04626-.06476-.04626s-.05551.01845-.06476.04626l-.212778.388546c-.0092.01845-.0092.04626.0092.06471.0185.0098.03701.0278.05551.0278zm1.961264 4.995679v.379295l-.185025.01845v.185028h.545824v-.185028h.0092l-.194277-.01845v-.379295c.138768-.01845.231281-.148022.231281-.286793v-.499563h-.638336v.499563c0 .138771.09251.268291.231281.286793zm-2.026023.314536h1.304426v.259039h-1.304426zm.804858-.564323h.08326v.407049h.259035v-.407049h.08326c.0185 0 .04626-.0098.05551-.0278.0092-.01845.0185-.04626.0092-.06471l-.212779-.388559c-.0092-.02768-.03701-.04626-.06476-.04626s-.05551.01845-.06476.04626l-.212779.388559c-.0092.01845-.0092.04626.0092.06471.0092.0098.02775.0278.05551.0278zm-.740099 0h.08326v.407049h.259034v-.407049h.08326c.0185 0 .04626-.0098.05551-.0278.0092-.01845.0185-.04626.0092-.06471l-.212749-.388563c-.0092-.02768-.03701-.04626-.06476-.04626s-.05551.01845-.06476.04626l-.212778.388559c-.0092.01845-.0092.04626.0092.06471.0185.0098.03701.0278.05551.0278zm3.774509-3.025157v-.314547-4.755144h-5.069684v4.745892.314548 4.745891h5.069684zm-4.607121-4.616372h1.655972v.980635h.823361v-.980635h1.665225v4.153802h-4.15381v-4.153802zm4.15381 8.899694h-4.15381v-4.153803h1.655972v.980624h.823361v-.980624h1.665225v4.153803zm-5.125192.804859v-3.765256h-.962129v-6.411118h-1.581964v5.115947l-1.776238-.518078-2.44233-5.661755c-.425557-.9713843-1.378436-1.5912154-2.433078-1.5912154h-5.27321v.7123451h.536573v5.6710193h-1.952014v7.104948h.795608c.333044.592089.97138.999138 1.711479.999138.730849 0 1.369186-.397798 1.711481-.999138h7.0402c.333044.592089.97138.999138 1.71148.999138.730849 0 1.369184-.397798 1.71148-.999138h.471814 6.6794v-.666088h-5.948552zm-13.386553.564323c-.481065 0-.869617-.388547-.869617-.869607 0-.481072.388552-.869619.869617-.869619.481064 0 .869617.388547.869617.869619 0 .48106-.388553.869607-.869617.869607zm6.568385-6.142828-1.4802-1.1564.462562-.54582-.425557-.360804-1.452445 1.692981.425557.360792.545823-.629083 1.55421 1.221172v1.961259h-2.340566l-.397803-1.017641h-1.480199l-.388553-2.729113h-1.285923v-5.3379683h3.811513c.749351 0 1.433943.4440543 1.729983 1.1378973l2.322063 5.393477h-1.600465zm3.894774 6.142828c-.481064 0-.869616-.388547-.869616-.869607 0-.481072.388552-.869619.869616-.869619.481065 0 .869618.388547.869618.869619 0 .48106-.388553.869607-.869618.869607z" stroke-width=".092513"/>'),
  ('compactor', '<path d="m12.375279 20.462082a3.4401681 3.4401681 0 0 0 3.440169 3.440169 3.4401681 3.4401681 0 0 0 3.440166-3.440169 3.4401681 3.4401681 0 0 0 -3.440166-3.440166 3.4401681 3.4401681 0 0 0 -3.440169 3.440166zm14.379666-.860043a4.3002103 4.3002103 0 0 0 4.300212 4.300212 4.3002103 4.3002103 0 0 0 4.300208-4.300212 4.3002103 4.3002103 0 0 0 -4.300208-4.300208 4.3002103 4.3002103 0 0 0 -4.300212 4.300208zm-1.668217-13.9393066v.6720004.6720042h.254154c.299658 0 .644724.1997374.771854.4176728.0454.090805.218041 1.2258867.381489 2.5425742.154372 1.316688.299696 2.397286.30878 2.406366.0091.0091 1.389268.317894 3.060096.662956l3.051057.6266v.910191a5.3752625 5.3752625 0 0 0 -1.859044-.346376 5.3752625 5.3752625 0 0 0 -5.254526 4.248914h-.08726l-.03635.417673c-.05449.563001-.308776 3.804822-.308776 3.941028 0 .0908-.290621.09985-2.39732.09985h-2.397322v-.163522c0-.254257-.263199-3.650415-.308599-3.995476l-.03635-.281464h-.544838-.05605a4.3002103 4.3002103 0 0 0 -.479749-.73727v-.216197l-.184628.0035a4.3002103 4.3002103 0 0 0 -3.147888-1.382136 4.3002103 4.3002103 0 0 0 -3.14541 1.369543l-.0056-.000181v-1.9342-1.93407l3.223618-.626596c1.770721-.354145 3.223623-.635608 3.223623-.644692.0091-.0091.09996-1.098862.208927-2.424629.163448-1.9069314.226979-2.4517345.326864-2.5970235.217935-.3359824.408597-.3632283 2.460817-.3632283h1.888803v-.6720003-.6720003h.544839zm-2.578931 2.4246338h-1.071585-1.062361l-.145254 1.6071988c-.08173.880821-.163415 1.734471-.190657 1.888843l-.03635.290507h1.253023 1.253195v-1.888662zm2.833085.00905h-1.216661-1.207795v1.8888368h.009v1.888666h1.50735 1.498302l-.245059-1.570842c-.145289-.853579-.27249-1.7072289-.299732-1.8888392zm-4.140729 4.3132938h-1.253023l.05445.217971c.02726.118047.172535.907992.317824 1.743408l.272419 1.516572 1.19857.0181 1.198747.009-.0273-.145255c-.01817-.09081-.127055-.808107-.245103-1.607202-.11805-.799092-.22716-1.516567-.236239-1.607376-.03631-.145289-.04537-.145254-1.280331-.145254zm3.241887.009h-1.452901l.03619.245284c.01818.145289.13628.926155.254327 1.743409l.217971 1.489258.88075.0181.880928.01825.317819-1.707228c.172531-.935305.317824-1.725357.317824-1.761678 0-.02726-.653806-.04541-1.452902-.04541zm.372273 5.130554h-1.825174-1.825347v.472299.472121h1.825347 1.825174v-.472121zm0 1.743586h-1.825174-1.825347v.544838.544839h1.825347 1.825174v-.544839zm0 1.761501h-1.825174-1.825347v.544838.544839h1.825347 1.825174v-.544839z" stroke-linecap="round" stroke-linejoin="round" stroke-width=".087175"/>'),
  ('airplane', '<path d="m187 157.5-42.1-42.1 101.1-75.9-29.5-29.5-126.4 50.6-39.8-39.8c-11.5-11.5-27.5-14.2-35.6-6.1s-5.3 24.1 6.1 35.6l39.8 39.8-50.6 126.4 29.5 29.5 75.9-101.1 42.1 42.1v59h29.5l14.8-44.3 44.2-14.7v-29.5z" transform="matrix(-.05352097 .05352097 -.05352097 -.05352097 36.693833 16.949024)"/>'),
  ('boat', '<path d="m12.993903 19.058803c-.323014.142506-.427524.456021-.256512.798037.04749.09501.684031 1.054551 1.406067 2.147102 1.358564 2.033097 1.548574 2.261108 2.071095 2.546121.589027.313515.266013.304014 7.657367.304014 7.391349 0 7.068335.0095 7.657362-.304014.142506-.076.370518-.237511.503522-.361017.323014-.285013 2.983142-4.265702 3.030646-4.550716.04749-.256511-.057-.446521-.294515-.570026-.180508-.09501-.807537-.09501-10.897015-.09501-8.911427.0095-10.745013.01901-10.878017.0855zm7.495852-7.619361c-2.023595 1.358563-3.287152 3.55317-3.439159 5.994782l-.03801.579529h1.957093 1.957093v-3.420164c0-1.881089-.0094-3.420161-.01901-3.420161-.0094.0094-.199511.123507-.418021.266014zm1.396571.247009v6.327302h4.408207c2.422614 0 4.408208-.0095 4.408208-.01901 0-.0095-.104503-.304018-.237509-.655533-.779038-2.137594-1.938094-4.446202-3.116151-6.194287-1.111552-1.6530777-2.536619-3.3346557-3.838182-4.5127163-.693532-.6270298-1.491568-1.2730582-1.577074-1.2730582-.01901 0-.04749 2.7266293-.04749 6.3272985z" stroke-width=".095004"/>'),
  ('harvester', '<path d="m19.297774 10.660378c-.948172.0038-1.057884.03321-1.20126.122814-.107533.07166-.226967.179179-.262813.262816-.02554.05615-.180112 1.2629-.343442 2.591897l-4.599634-.535195c-.400226-.09237-.801764.09107-1.208757 1.611577l.888444.130936c.30893-.378583.611885-.786503 1.032511-.615627l3.760561.449566c-.01741.14548-.03124.265629-.04813.40813l.0057-.06253-3.203058-.367695-.870943 1.224076.09688 1.784074 3.728687.150504v-.000973c.03514.0044.100545-.04522.223437-.14969.454016-.370382 1.230845-.645078 1.86408-.633127 1.660748.01195 3.058462 1.421776 3.058462 3.082522v.310626h.728754c.77661 0 .812509-.01201.812509-.298752 0-.05975.08387-.274703.1675-.477815.358435-.76466 1.13492-1.290438 1.971265-1.374074.430131-.03585.442194-.04781.442194-.203124 0-.155322-.05976-.191128-1.541265-.77657l-1.541268-.609376v-.47781c0-.262855.0238-.47813.05969-.478128.03588 0 .692856.155471 1.45751.334688.776615.17922 1.433781.334379 1.481574.334379.07166 0 .08375-.119256.08375-.549379 0-.513755-.01216-.573673-.167501-.740946-.143377-.155318-.238785-.202978-.489691-.226877l-.322506-.03594v-.537503c0-.501808-.01212-.549692-.119686-.549692-.119479 0-.119375-.04775-.119375-.621257v-.621247h-.310615-.310627v.621255c0 .573496.000103.621257-.119376.621257-.119481 0-.119689.04788-.119689.549691v.549378h-.310627c-.250908 0-.310627-.02387-.310627-.107498-.0119-.05973-.07174-.884117-.14344-1.85189-.119494-1.529324-.155301-1.76821-.262837-1.91158-.238954-.310643-.250859-.322505-2.676271-.322505-.534666-.0031-.943953-.0047-1.260009-.0035zm1.618452.612819h.860319c.657135 0 .88407.01183.88407.07157 0 .04779.05966.824409.119376 1.744391.07166.908034.119689 1.684557.119689 1.708451 0 .03585-.442281.04781-.991884.04781h-.99157v-1.792199zm-1.421889.01188h.955946v1.780015h-.01188v1.792202h-1.075322c-1.075299 0-1.07532.000318-1.07532-.143126-.01199-.238957.202984-3.273891.226878-3.357526.01199-.05975.26283-.07157.979694-.07157zm12.900179 3.545532c-.249874.000002-.452136.202263-.452136.452139v2.112041l-1.494738-1.494739c-.17669-.17669-.461257-.17669-.637948 0-.176687.176689-.176687.461258 0 .637948l1.226346 1.226345c-1.384466-.406966-4.235712-.998637-5.413264-1.28209-1.015561-.250905-1.87593-.466589-1.911778-.466589-.0358 0-.0578.107624-.0578.227101v.239488l1.981973.836145c.855642.295622 2.088382.527823 3.22277.862984-.07271.08014-.117679.186481-.11768.30349 0 .249877.202263.44801.452139.448009h1.498867c.129782.08001.251313.165678.361297.256004l-1.24286 1.240797c-.176688.176689-.176688.459194 0 .635883.17669.176688.461259.17669.637947 0l1.321315-1.321314.138325.07845c.01167.0068.02323.0126.0351.01858v1.845719c0 .249876.202261.448008.452136.448008.249876-.000002.452139-.198132.452139-.448008v-2.116169l1.494738 1.494738c.17669.176689.461257.176689.637948 0 .176687-.176689.176687-.459194 0-.635884l-1.498882-1.496799h2.116169c.249876-.000001.452137-.198133.452137-.448009 0-.249878-.202261-.452139-.452137-.452137h-2.112041l1.494739-1.494738c.176688-.176689.176688-.46126 0-.637948-.17669-.17669-.461259-.176689-.637948 0l-1.494738 1.494739v-2.112041c0-.249876-.202261-.452139-.452138-.452139zm-13.341119 2.80514c-.229224.006-.447816.03828-.622504.100936-.71672.262852-1.182845.65734-1.493452 1.314386-.316389.805446-.27753 1.268013.01188 2.055016.250907.48986.669385.908166 1.183133 1.159072.382337.179217.46579.203125 1.003447.203125.525697 0 .621422-.02391 1.00376-.203125.776604-.358434 1.254374-.991863 1.409696-1.816263.191168-1.063357-.406084-2.162422-1.409696-2.640336-.291233-.119479-.704025-.182848-1.086259-.172814zm-5.379014.357315 1.068133 1.699701 1.253762-.47532c.232181-.106778.400239-.110003.494067-.408127l.235001-.715632zm12.463134.747382c-.227006 0-.51373.0358-.621257.05968-.310637.09557-.776824.442101-.991883.764692-.681028.99167-.286523 2.389465.836571 2.891273.430121.191164 1.099119.179361 1.553135-.02374.430124-.203113.776586-.549573.979699-.979696.203113-.442068.214917-1.123015.02374-1.553136-.19117-.418172-.549576-.788771-.979696-.991884-.298696-.143373-.45383-.167189-.800319-.167189zm-11.94813.462941-1.100946.303753.602816 1.014069.868133-.745631z" stroke="#000" stroke-linecap="round" stroke-linejoin="round" stroke-width=".01168"/>'),
  ('box', '<path d="m32.641375 14.477189-1.751748-5.2552458c-.225027-.678543-.858566-1.1355209-1.575189-1.1355209h-4.895204v6.6469507h8.263684c-.01385-.08655-.01385-.173097-.04154-.256184zm-9.329965-6.3907667h-4.895204c-.716624 0-1.350162.4569779-1.575189 1.1355209l-1.751748 5.2552458c-.02769.08309-.02769.169636-.04154.256184h8.263684zm-8.30869 7.7547767v8.308689c0 .917418.74432 1.661738 1.661738 1.661738h14.401728c.917418 0 1.661738-.74432 1.661738-1.661738v-8.308689z" stroke-width=".03462"/>');

-- ---------------------------------------------------------------------
-- Tipos de Veículos
-- ---------------------------------------------------------------------
CREATE TABLE IF NOT EXISTS erp.vehicleTypes (
  vehicleTypeID   serial,       -- ID do tipo de veículo
  name            varchar(30)   -- Nome do tipo de veículo
                  NOT NULL,
  article         char(1),      -- O artigo a ser utilizado antes do nome
  singular        varchar(30)   -- Nome do tipo de veículo no singular
                  NOT NULL,
  fipeName        varchar(30),  -- Nome do tipo de veículo no sistema FIPE
  symbol          varchar(30),  -- Nome do símbolo a ser usado no mapa
  PRIMARY KEY (vehicleTypeID)
);

INSERT INTO erp.vehicleTypes (vehicleTypeID, name, article, singular, fipeName, symbol) VALUES
  ( 1, 'Carros/Utilitários', 'o', 'Carro/Utilitário', 'carros', 'car'),
  ( 2, 'Motos', 'a', 'Moto', 'motos', 'motorcycle'),
  ( 3, 'Caminhões/Micro-ônibus', 'o', 'Caminhão/Micro-ônibus', 'caminhoes', 'truck'),
  ( 4, 'Maquinários pesados', 'o', 'Maquinário pesado', NULL, 'tractor'),
  ( 5, 'Aeronaves', 'a', 'Aeronave', NULL, 'airplane'),
  ( 6, 'Embarcações', 'a', 'Embarcação', NULL, 'boat'),
  ( 7, 'Outros', 'o', 'Outro', NULL, 'other');

ALTER SEQUENCE erp.vehicletypes_vehicletypeid_seq RESTART WITH 8;

-- ---------------------------------------------------------------------
-- Subtipos de Veículos
-- ---------------------------------------------------------------------
-- Descreve os subtipos de um determinado tipo de veículo principal. Um
-- subtipo é usado para definir melhor o ícone a ser exibido no mapa.
-- ---------------------------------------------------------------------
CREATE TABLE IF NOT EXISTS erp.vehicleSubTypes (
  vehicleSubTypeID   serial,       -- ID do subtipo de veículo
  vehicleTypeID      integer       -- O ID do tipo de veículo
                     NOT NULL,
  article            char(1),      -- O artigo a ser utilizado antes do nome
  name               varchar(30)   -- Nome do subtipo de veículo
                     NOT NULL,
  symbol             varchar(30),  -- Nome do símbolo a ser usado no mapa
  PRIMARY KEY (vehicleSubTypeID),
  UNIQUE(vehicleTypeID, name)
);

INSERT INTO erp.vehicleSubTypes (vehicleTypeID, article, name, symbol) VALUES
  ( 1, 'o', 'Carro', 'car'),
  ( 1, 'a', 'Van', 'van'),
  ( 1, 'a', 'Pickup', 'pickup'),
  ( 1, 'a', 'SUV', 'suv'),
  ( 2, 'a', 'Moto', 'motorcycle'),
  ( 2, 'a', 'Scooter', 'scooter'),
  ( 3, 'o', 'Caminhão', 'truck'),
  ( 3, 'a', 'Cavalo-mecânico', 'semitrailertruck'),
  ( 3, 'a', 'Carreta', 'cargotrailer'),
  ( 3, 'a', 'Carreta-tanque', 'tanktrailer'),
  ( 3, 'a', 'Caminhão Guincho', 'trucktow'),
  ( 3, 'a', 'Ônibus', 'bus'),
  ( 3, 'a', 'Micro-ônibus', 'minibus'),
  ( 4, 'o', 'Trator', 'tractor'),
  ( 4, 'a', 'Motoniveladora', 'grader'),
  ( 4, 'a', 'Pá-Carregadeira', 'loader'),
  ( 4, 'a', 'Retro Escavadeira', 'backhoe'),
  ( 4, 'a', 'Mini-Carregadeira', 'miniloader'),
  ( 4, 'a', 'Escavadeira', 'excavator'),
  ( 4, 'a', 'Empilhadeira', 'forklift'),
  ( 4, 'o', 'Compactador', 'compactor'),
  ( 4, 'a', 'Colheitadeira', 'harvester'),
  ( 5, 'a', 'Aeronave', 'airplane'),
  ( 6, 'a', 'Embarcação', 'boat'),
  ( 7, 'o', 'Motor de Popa', 'other');

-- ---------------------------------------------------------------------
-- Tipos de combustíveis
-- ---------------------------------------------------------------------
CREATE TABLE IF NOT EXISTS erp.fuelTypes (
  fuelType  char(1),     -- Sigla do tipo de combustível
  name      varchar(30)  -- Nome do combustível
            NOT NULL,
  PRIMARY KEY (fuelType)
);

INSERT INTO erp.fuelTypes (fuelType, name) VALUES
  ('G', 'Gasolina'),
  ('A', 'Etanol'),
  ('D', 'Diesel'),
  ('N', 'Não informado'),
  ('X', 'Não aplicável');

-- ---------------------------------------------------------------------
-- Cores do veículo
-- ---------------------------------------------------------------------
-- Segundo as regras de précadastro do DENATRAN (v2.0)
-- ---------------------------------------------------------------------
CREATE TABLE IF NOT EXISTS erp.vehicleColors (
  vehicleColorID  serial,      -- ID da cor do veículo
  name            varchar(30)  -- Nome da cor
                  NOT NULL,
  color           varchar(30), -- O nome da cor no css
  PRIMARY KEY (vehicleColorID)
);

INSERT INTO erp.vehicleColors(name, color) VALUES
  ('Amarelo', 'yellow'),
  ('Azul', 'blue'),
  ('Bege', 'bege'),
  ('Branca', 'white'),
  ('Cinza', 'grey'),
  ('Dourada', 'golden'),
  ('Grena', 'grena'),
  ('Laranja', 'orange'),
  ('Marrom', 'brown'),
  ('Prata', 'silver'),
  ('Preta', 'black'),
  ('Rosa', 'pink'),
  ('Roxa', 'violet'),
  ('Verde', 'green'),
  ('Vermelha', 'red'),
  ('Fantasia', 'fantasy');
